address,btc balance
3DGxAYYUA61WrrdbBac8Ra9eA9peAQwTJF,3815.67154308
3E5NsFYg9H64TSB9MroJCCZJG7dJ179Yge,974.70666793
15FKuPPqMdsFBXeSfT58UyuRjssxummkyo,3.26479927
3479gSjwpQXmw2PtuDqyTRqLk5b8e1KLJi,6.48693391
14ptAiypgEDFc68DsjG5HybfsqE87C96nc,46.61181118
1FoWyxwPXuj4C6abqwhjDWdz6D4PZgYRjA,7.72875693
3FDVEPpGhv13fUi3Jg3zAfSqDdnpUqXDwB,2.65031574
3JXRVxhrk2o9f4w3cQchBLwUeegJBj6BEp,1359.62432258
1HckjUpRGcrrRAtFaaCAUaGjsPx9oYmLaZ,713.81630226
37eYnoB7RyQKPxKcEati8A2kXt6oeYkMgQ,2.14953
1Dowqie5rAFbSGSwwGu2uYACVaE8ET4kbW,3.38773653
399ovDLkWB46Uuf21TLq94wQ9bD4sBxHGr,125
1G7jiV9bcjKSVxqUNuC3dSMKM5FjsaB3Wj,3.46524362
,
16uwQNXSQfCAEH9PokmDs9SkDygvdtuSV5,2.98146064
,
35VT9wRVHQzndnh4ENQtQhXkxZMooZaU6j,3.53448941
,
,
3PEbWkVgwoqEtQEXqqwTZYQmUsM9ztqz86,26.35184552
1PTeEUpofUTeXDwKtJMo2YKwVKsKRjtPya,8.94670236
35f7MArLwrXwfBboZQ6iZ8rTzccQQATQze,1.03408688
14mUZ6YiCBEKW6UAeBcSC6qiSnp2unJ1Pg,1.10832329
1JVMd6sGviadvcjkkN6p99bRKu3QNMV7Ru,1.42406722
3PttW2xqWU3BUeRkeUpK1snvpuyb8mKkP9,119.87470212
1G47mSr3oANXMafVrR8UC4pzV7FEAzo3r9,674.57788854
39VgGLvtWE8FnTYHYoUxDHFWyWZntJ5KGe,438.53696131
3Bj2jVXAdkdCiPgnGuqxjhQEdZAVDo3hdf,4.95301417
1EoomiuzgL13XK5NuqHR8GMcGsnkZggVie,1.3856264
17kb7c9ndg7ioSuzMWEHWECdEVUegNkcGc,204.04771387
,
17eDxeFY3bA2KLwHvPX7VHJthndxHGNzVj,1.82536294
3LBc9ndCoBfSKrThaV9QFR9kWHAwDv9fZf,6.86433721
,
3756ZEaiT1sZickR8inNzkRZER2UmWJiwL,6.12570045
,
,
3HRZjedwF2AJejNTtgznWnas4E6froNP5r,7.11391999
1Ptv5qNTg6bpoMrH8zKqpiSA62jC3i76Nr,450.67150883
3G5BmwyvUMp9dUyGSLZwjw2HagpaHmV5rn,13.12224183
,
1EXCvCuXJr5EBFf9oSZU1SvztpE416GAJW,100.37394869
39EKjvDK6UEkpaBcLVbBen1M4dhh2iE9Lq,4.53510382
,
1HgcjDJEwe6KBTnEoXURL6UNscdpw9Vehm,10.31212167
,
1Po88ALhB8aDvvLM7n1QqZt2J48t2BbMKT,39.88015011
,
18g2T3U4zGqVLT56cqn8fgz5AUv4DovFaJ,1.69902496
,
,
1KYiKJEfdJtap9QX2v9BXJMpz2SfU4pgZw,97.85626737
,
1Cc1SUhZkqbmtBsCq1Ytz16NWSmU1Lq9tY,8.56959548
17aenVozJaE3Q3xoYHTiPiuMA87x6KTgcm,22.75860653
3EyCZLb3DMgL1T4D52VVqA4jUDDacnHkYW,4.52941176
1E9Tk3eME1yQCoysmhCc9KeMenE64dqHME,20.19351489
17A16QmavnUfCW11DAApiJxp7ARnxN5pGX,3091.06266186
,
39ZEaLMDxWi5EWx9cQ2W3ixDP8rWHhz8GY,18.38520506
,
3DdBZ734DjaqBf29PvjxWv9mvU6VaQEs8H,96.8257002
